Aruba,ABW,4.19999986886978,4.19999986886978,4.19999986886978,4.19999986886978,4.19999986886978,4.19999986886978,4.19999986886978,4.19999986886978,4.19999986886978,4.19999986886978,4.19999986886978,4.19999986886978,4.19999986886978,4.19999986886978,4.19999986886978
Afghanistan,AFG,13500,13500,13500,13500,13500,13500,13500,13500,13500,13500,13500,13500,13500,13500,13500
Angola,AGO,594783.984375,593536.015625,592288.0078125,591040,589791.9921875,588543.984375,587296.015625,586048.0078125,584800,583551.9921875,582303.984375,581056.015625,579808.0078125,578560,577311.9921875
Albania,ALB,7745.39978027344,7771.59973144531,7797.80029296875,7824.00024414063,7811.79992675781,7799.60021972656,7787.39990234375,7775.2001953125,7762.99987792969,7753.40026855469,7743.80004882813,7734.19982910156,7724.60021972656,7715,7705.39978027344
Andorra,AND,160,160,160,160,160,160,160,160,160,160,160,160,160,160,160
United Arab Emirates,ARE,3107.99987792969,3112.00012207031,3116.00006103516,3120,3130.59997558594,3141.19995117188,3151.79992675781,3162.39990234375,3172.99987792969,3183.59985351563,3194.20013427734,3204.80010986328,3215.40008544922,3226.00006103516,3236.60003662109
Argentina,ARG,311904.00390625,308555.99609375,305208.0078125,301860,298680,295500,292320,289140,285960,282991.9921875,280024.00390625,277055.99609375,274088.0078125,271120,268151.9921875
Armenia,ARM,3326.00006103516,3323.99993896484,3322.00012207031,3320,3317.99987792969,3316.00006103516,3313.99993896484,3312.00012207031,3310,3312.00012207031,3313.99993896484,3316.00006103516,3317.99987792969,3320,3322.00012207031
American Samoa,ASM,179.799995422363,179.500007629395,179.099998474121,178.799991607666,178.500003814697,178.099994659424,177.800006866455,177.5,177.099990844727,176.800003051758,176.399993896484,176.100006103516,175.799999237061,175.400009155273,175
Antigua and Barbuda,ATG,99.2000007629395,98.8000011444092,98.4000015258789,98.0000019073486,98.0000019073486,98.0000019073486,98.0000019073486,98.0000019073486,98.0000019073486,98.0000019073486,98.0000019073486,98.0000019073486,98.0000019073486,98.0000019073486,98.0000019073486
Australia,AUS,1283610,1281210,1278810,1276410,1267550,1258690,1249830,1240970,1232110,1235190,1238270,1241350,1244430,1247510,1250590
Austria,AUT,38431.9995117188,38458.0004882813,38483.9990234375,38510,38528.0004882813,38546.0009765625,38563.9990234375,38581.9995117188,38600,38618.0004882813,38636.0009765625,38653.9990234375,38671.9995117188,38690,38708.0004882813
Azerbaijan,AZE,8739.60021972656,8750.39978027344,8761.19995117188,8772.00012207031,9034.19982910156,9296.40014648438,9558.59985351563,9820.80017089844,10082.9998779297,10345.2001953125,10607.3999023438,10869.599609375,11131.8005371094,11394.0002441406,11656.1999511719
Burundi,BDI,1911.99996948242,1878.00003051758,1843.99993896484,1810,1953.99993896484,2098.00003051758,2241.99996948242,2386.00006103516,2530,2576.00006103516,2622.00012207031,2667.99987792969,2713.99993896484,2760,2806.00006103516
Belgium,BEL,6700.59997558594,6714.40002441406,6728.20007324219,6742.00012207031,6755.99975585938,6770,6784.00024414063,6797.99987792969,6812.00012207031,6816.40014648438,6820.80017089844,6825.2001953125,6829.60021972656,6834.00024414063,6838.40026855469
Benin,BEN,49610,49110,48610,48110,47610,47110,46610,46110,45610,45110,44610,44110,43610,43110,42610
Burkina Faso,BFA,61283.9990234375,60686.0009765625,60087.998046875,59490,58890,58290,57690,57090,56490,55892.001953125,55293.9990234375,54696.0009765625,54097.998046875,53500,52902.001953125
Bangladesh,BGD,14628.0004882813,14601.9995117188,14575.9997558594,14550,14524.0002441406,14498.0004882813,14471.9995117188,14445.9997558594,14420,14394.0002441406,14368.0004882813,14341.9995117188,14315.9997558594,14290,14264.0002441406
Bulgaria,BGR,34853.9990234375,35406.0009765625,35958.0004882813,36510,36681.9995117188,36853.9990234375,37026.0009765625,37198.0004882813,37370,37541.9995117188,37713.9990234375,37886.0009765625,38058.0004882813,38230,38401.9995117188
Bahrain,BHR,4.00000005960464,4.19999986886978,4.30000007152557,4.49999988079071,4.6000000834465,4.79999989271164,4.90000009536743,5.09999990463257,5.29999971389771,5.40000021457672,5.60000002384186,5.69999992847443,5.89999973773956,6.00000023841858,6.10000014305115
Bosnia and Herzegovina,BIH,21850,21850,21850,21850,21850,21850,21850,21850,21850,21850,21850,21850,21850,21850,21850
Belarus,BLR,83382.001953125,83707.998046875,84034.00390625,84360,84555.99609375,84752.001953125,84947.998046875,85144.00390625,85340,85539.00390625,85737.998046875,85937.001953125,86135.99609375,86335,86534.00390625
Belize,BLZ,14421.8994140625,14336.4001464844,14250.7995605469,14165.3002929688,14115,14064.6997070313,14014.4995117188,13964.2004394531,13913.9001464844,13863.6999511719,13813.4997558594,13763.3996582031,13713.1994628906,13663.0004882813,13612.8002929688
Bermuda,BMU,10,10,10,10,10,10,10,10,10,10,10,10,10,10,10
Bolivia,BOL,595481.9921875,592768.0078125,590053.984375,587340,582290,577240,572190,567140,562090,559200,556310,553420,550530,547640,544750
Brazil,BRA,5154580,5125500,5096420,5067340,5050788.125,5034235.9375,5017684.0625,5001131.875,4984580,4974740,4964900,4955060,4945220,4935380,4925540
Barbados,BRB,63.0000019073486,63.0000019073486,63.0000019073486,63.0000019073486,63.0000019073486,63.0000019073486,63.0000019073486,63.0000019073486,63.0000019073486,63.0000019073486,63.0000019073486,63.0000019073486,63.0000019073486,63.0000019073486,63.0000019073486
Brunei Darussalam,BRN,3937.99987792969,3922.00012207031,3906.00006103516,3890,3872.00012207031,3853.99993896484,3836.00006103516,3817.99987792969,3800,3800,3800,3800,3800,3800,3800
Bhutan,BTN,26258.6010742188,26357.900390625,26457.1997070313,26556.4990234375,26655.80078125,26755,26854.2993164063,26953.6010742188,27052.900390625,27152.1997070313,27251.4990234375,27350.80078125,27450.1000976563,27549.2993164063,27648.5009765625
Botswana,BWA,122982.001953125,121797.998046875,120614.00390625,119430,118245.99609375,117062.001953125,115877.998046875,114694.00390625,113510,112487.998046875,111465.99609375,110444.00390625,109422.001953125,108400,107377.998046875
Central African Republic,CAF,223728.0078125,223571.9921875,223415.99609375,223260,223104.00390625,222948.0078125,222791.9921875,222635.99609375,222480,222324.00390625,222168.0078125,222011.9921875,221855.99609375,221700,221544.00390625
Canada,CAN,3477115.9375,3476664.0625,3476211.875,3475760,3475211.875,3474664.0625,3474115.9375,3473568.125,3473020,3472554.0625,3472088.125,3471621.875,3471155.9375,3470690,3470224.0625
Switzerland,CHE,12031.9995117188,12078.0004882813,12124.0002441406,12170,12205.9997558594,12241.9995117188,12278.0004882813,12314.0002441406,12350,12388.0004882813,12425.9997558594,12464.0002441406,12501.9995117188,12540,12578.0004882813
Channel Islands,CHI,8.00000011920929,8.00000011920929,8.00000011920929,8.00000011920929,8.00000011920929,8.00000011920929,8.00000011920929,8.00000011920929,8.00000011920929,8.00000011920929,8.00000011920929,8.00000011920929,8.00000011920929,8.00000011920929,8.00000011920929
Chile,CHL,159172.001953125,159587.998046875,160004.00390625,160420,160797.998046875,161175.99609375,161554.00390625,161932.001953125,162310,165318.0078125,168325.99609375,171334.00390625,174341.9921875,177350,180358.0078125
China,CHN,1834178.59375,1866265.46875,1898352.1875,1930439.0625,1945571.875,1960704.53125,1975837.34375,1990970.15625,2006102.96875,2021525,2036947.03125,2052369.0625,2067790.9375,2083212.96875,2098635
Cote d'Ivoire,CIV,103587.998046875,103742.001953125,103895.99609375,104050,104045.99609375,104042.001953125,104037.998046875,104034.00390625,104030,104025.99609375,104022.001953125,104017.998046875,104014.00390625,104010,104005.99609375
Cameroon,CMR,216760,214560,212360,210160,207960,205760,203560,201360,199160,196960,194760,192560,190360,188160,185960
Colombia,COL,611596.09375,608401.9140625,605207.8125,602013.59375,598881.484375,595749.4140625,592617.3828125,589485.3125,586353.203125,586086.015625,585818.90625,585551.71875,585284.609375,585017.3828125,584750.1953125
Comoros,COM,437.999992370605,432.000007629395,425.999984741211,420,414.000015258789,407.999992370605,402.000007629395,395.999984741211,390,385.999984741211,382.000007629395,377.999992370605,374.000015258789,370,365.999984741211
Cabo Verde,CPV,826.900024414063,829.899978637695,832.900009155273,835.899963378906,838.899993896484,841.900024414063,844.899978637695,847.900009155273,850.899963378906,860.500030517578,870.199966430664,879.800033569336,889.400024414063,899.000015258789,908.600006103516
Costa Rica,CRI,24220,24450,24680,24910,25138.0004882813,25366.0009765625,25593.9990234375,25821.9995117188,26050,26351.9995117188,26653.9990234375,26956.0009765625,27258.0004882813,27560,27861.9995117188
Cuba,CUB,25398.0004882813,25921.9995117188,26446.0009765625,26970,27440,27910,28380,28850,29320,29856.0009765625,30391.9995117188,30928.0004882813,31463.9990234375,32000,32536.0009765625
Cayman Islands,CYM,126.999998092651,126.999998092651,126.999998092651,126.999998092651,126.999998092651,126.999998092651,126.999998092651,126.999998092651,126.999998092651,126.999998092651,126.999998092651,126.999998092651,126.999998092651,126.999998092651,126.999998092651
Cyprus,CYP,1721.10000610352,1723.50006103516,1726.00006103516,1728.50006103516,1728.50006103516,1728.50006103516,1728.50006103516,1728.39996337891,1728.39996337891,1728.09997558594,1727.79998779297,1727.59994506836,1727.29995727539,1726.99996948242,1726.69998168945
Czech Republic,CZE,26410,26430,26450,26470,26490,26510,26530,26550,26570,26590,26610,26630,26650,26670,26690
Germany,DEU,113660,113720,113780,113840,113890,113940,113990,114040,114090,114110,114130,114150,114170,114190,114210
Djibouti,DJI,55.9999990463257,55.9999990463257,55.9999990463257,55.9999990463257,55.9999990463257,55.9999990463257,55.9999990463257,55.9999990463257,55.9999990463257,55.9999990463257,55.9999990463257,55.9999990463257,55.9999990463257,55.9999990463257,55.9999990463257
Dominica,DMA,467.900009155273,465.299987792969,462.599983215332,459.900016784668,457.200012207031,454.599990844727,451.89998626709,449.300003051758,446.599998474121,443.899993896484,441.300010681152,438.600006103516,435.999984741211,433.300018310547,430.60001373291
Denmark,DNK,5743.80004882813,5688.20007324219,5632.60009765625,5577.00012207031,5635.80017089844,5694.60021972656,5753.40026855469,5812.19970703125,5870.99975585938,5921.19995117188,5971.40014648438,6021.59973144531,6071.79992675781,6122.00012207031,6172.19970703125
Dominican Republic,DOM,15524.0002441406,15855.9997558594,16188.0004882813,16520,16850,17180,17510,17840,18170,18501.9995117188,18834.0002441406,19165.9997558594,19498.0004882813,19830,20161.9995117188
Algeria,DZA,15618.0004882813,15531.9995117188,15445.9997558594,15360,16124.0002441406,16888.0004882813,17651.9995117188,18415.9997558594,19180,19255.9997558594,19331.9995117188,19408.0004882813,19484.0002441406,19560,19635.9997558594
Ecuador,ECU,135714.404296875,134927.099609375,134139.697265625,133352.40234375,132565,131777.59765625,130990.302734375,130202.900390625,129415.595703125,128628.203125,127840.80078125,127053.49609375,126266.103515625,125478.798828125,124691.50390625
Eritrea,ERI,15671.9995117188,15628.0004882813,15584.0002441406,15540,15495.9997558594,15451.9995117188,15408.0004882813,15364.0002441406,15320,15275.9997558594,15231.9995117188,15188.0004882813,15144.0002441406,15100,15055.9997558594
Spain,ESP,170990,171600.29296875,172210.60546875,172820.8984375,174751.09375,176681.30859375,178611.6015625,180541.796875,182471.9921875,182813.30078125,183154.70703125,183495.99609375,183837.40234375,184178.69140625,184520
Estonia,EST,22466.0009765625,22483.9990234375,22501.9995117188,22520,22483.9990234375,22448.0004882813,22411.9995117188,22376.0009765625,22340,22336.0009765625,22331.9995117188,22328.0004882813,22323.9990234375,22320,22316.0009765625
Ethiopia,ETH,134230,132820,131410,130000,128592.001953125,127184.00390625,125775.99609375,124367.998046875,122960,123365.99609375,123772.001953125,124177.998046875,124584.00390625,124990,125395.99609375
Finland,FIN,223241.9921875,222638.0078125,222034.00390625,221430,221580,221730,221880,222030,222180,222180,222180,222180,222180,222180,222180
Fiji,FJI,9871.69982910156,9905.30029296875,9939.00024414063,9972.60009765625,9963.90014648438,9955.10009765625,9946.40014648438,9937.7001953125,9929.00024414063,9977.60009765625,10026.1999511719,10074.7998046875,10123.4002685547,10172.0001220703,10220.5999755859
France,FRA,155177.998046875,156322.001953125,157465.99609375,158610,159735.99609375,160862.001953125,161987.998046875,163114.00390625,164240,165370,166500,167630,168760,169890,171020
Faroe Islands,FRO,0.799999982118607,0.799999982118607,0.799999982118607,0.799999982118607,0.799999982118607,0.799999982118607,0.799999982118607,0.799999982118607,0.799999982118607,0.799999982118607,0.799999982118607,0.799999982118607,0.799999982118607,0.799999982118607,0.799999982118607
Gabon,GAB,220000,220000,220000,220000,220000,220000,220000,220000,220000,222000,224000,226000,228000,230000,232000
United Kingdom,GBR,29808.0004882813,29941.9995117188,30076.0009765625,30210,30286.0009765625,30361.9995117188,30438.0004882813,30513.9990234375,30590,30760,30930,31100,31270,31440,31610
Georgia,GEO,27653.6010742188,27677.3999023438,27701.201171875,27725,27824.7998046875,27924.599609375,28024.3994140625,28124.19921875,28223.9990234375,28223.9990234375,28223.9990234375,28223.9990234375,28223.9990234375,28223.9990234375,28223.9990234375
Ghana,GHA,89665.99609375,89954.00390625,90242.001953125,90530,90814.00390625,91097.998046875,91382.001953125,91665.99609375,91950,92234.00390625,92517.998046875,92802.001953125,93085.99609375,93370,93654.00390625
Guinea,GIN,68320,67960,67600,67240,66880,66520,66160,65800,65440,65080,64720,64360,64000,63640,63280
Guinea-Bissau,GNB,21008.0004882813,20911.9995117188,20816.0009765625,20720,20620,20520,20420,20320,20220,20120,20020,19920,19820,19720,19620
Equatorial Guinea,GNQ,17198.0004882813,17081.9995117188,16965.9997558594,16850,16731.9995117188,16614.0002441406,16495.9997558594,16378.0004882813,16260,16144.0002441406,16028.0004882813,15911.9995117188,15795.9997558594,15680,15564.0002441406
Greece,GRC,36613.9990234375,36916.0009765625,37218.0004882813,37520,37821.9995117188,38123.9990234375,38426.0009765625,38728.0004882813,39030,39331.9995117188,39633.9990234375,39936.0009765625,40238.0004882813,40540,40841.9995117188
Grenada,GRD,169.899997711182,169.899997711182,169.899997711182,169.899997711182,169.899997711182,169.899997711182,169.899997711182,169.899997711182,169.899997711182,169.899997711182,169.899997711182,169.899997711182,169.899997711182,169.899997711182,169.899997711182
Greenland,GRL,2.19999998807907,2.19999998807907,2.19999998807907,2.19999998807907,2.19999998807907,2.19999998807907,2.19999998807907,2.19999998807907,2.19999998807907,2.19999998807907,2.19999998807907,2.19999998807907,2.19999998807907,2.19999998807907,2.19999998807907
Guatemala,GTM,41000,40460,39920,39380,38948.0004882813,38516.0009765625,38083.9990234375,37651.9995117188,37220,36856.0009765625,36491.9995117188,36128.0004882813,35763.9990234375,35400,35036.0009765625
Guam,GUM,250,250,250,250,250,250,250,250,250,250,250,250,250,250,250
Guyana,GUY,166140,166100,166060,166020,165968.0078125,165915.99609375,165864.00390625,165811.9921875,165760,165660,165560,165460,165360,165260,165160
Honduras,HND,61520,60320,59120,57920,56720,55520,54320,53120,51920,50720,49520,48320,47120,45920,44720
Croatia,HRV,18921.9995117188,18958.0004882813,18994.0002441406,19030,19064.0002441406,19098.0004882813,19131.9995117188,19165.9997558594,19200,19204.0002441406,19208.0004882813,19211.9995117188,19215.9997558594,19220,19224.0002441406
Haiti,HTI,1074.00001525879,1065.99998474121,1058.00003051758,1050,1041.99996948242,1034.00001525879,1025.99998474121,1018.00003051758,1010,1001.99996948242,994.000015258789,985.999984741211,978.000030517578,970,961.999969482422
Hungary,HUN,19434.0002441406,19565.9997558594,19698.0004882813,19830,19955.9997558594,20081.9995117188,20208.0004882813,20334.0002441406,20460,20506.0009765625,20551.9995117188,20598.0004882813,20643.9990234375,20690,20736.0009765625
Indonesia,IDN,987882.03125,984777.96875,981673.984375,978570,971720,964870,958020,951170,944320,937476.015625,930632.03125,923787.96875,916943.984375,910100,903256.015625
Isle of Man,IMN,34.6000003814697,34.6000003814697,34.6000003814697,34.6000003814697,34.6000003814697,34.6000003814697,34.6000003814697,34.6000003814697,34.6000003814697,34.6000003814697,34.6000003814697,34.6000003814697,34.6000003814697,34.6000003814697,34.6000003814697
India,IND,663176.015625,667813.984375,672452.03125,677090,681252.03125,685413.984375,689576.015625,693737.96875,697900,699683.984375,701467.96875,703252.03125,705036.015625,706820,708603.984375
Ireland,IRL,6589.00024414063,6708.80004882813,6828.59985351563,6948.40026855469,7010,7071.50024414063,7133.20007324219,7194.7998046875,7256.30004882813,7313.09997558594,7369.89990234375,7426.59973144531,7483.40026855469,7540.2001953125,7597.00012207031
Iraq,IRQ,8207.99987792969,8222.00012207031,8235.99975585938,8250,8250,8250,8250,8250,8250,8250,8250,8250,8250,8250,8250
Iceland,ISL,318.799991607666,334.199981689453,349.599990844727,365,377.400016784668,389.799995422363,402.200012207031,414.599990844727,427.000007629395,440,452.999992370605,465.999984741211,479.000015258789,492.000007629395,505
Israel,ISR,1538.00003051758,1541.99996948242,1546.00006103516,1550,1548.00003051758,1546.00006103516,1543.99993896484,1541.99996948242,1540,1561.99996948242,1583.99993896484,1606.00006103516,1628.00003051758,1650,1671.99996948242
Italy,ITA,85250,86030,86810,87590,88127.998046875,88665.99609375,89204.00390625,89742.001953125,90280,90817.998046875,91355.99609375,91894.00390625,92432.001953125,92970,93507.998046875
Jamaica,JAM,3402.20001220703,3398.80004882813,3395.40008544922,3392.00012207031,3387.79998779297,3383.59985351563,3379.40002441406,3375.19989013672,3371.00006103516,3367.20001220703,3363.39996337891,3359.59991455078,3355.79986572266,3352.00012207031,3348.20007324219
Jordan,JOR,975,975,975,975,975,975,975,975,975,975,975,975,975,975,975
Japan,JPN,248995.99609375,249114.00390625,249231.9921875,249350,249411.9921875,249474.00390625,249535.99609375,249598.0078125,249660,249644.00390625,249628.0078125,249611.9921875,249595.99609375,249580,249564.00390625
Kazakhstan,KAZ,33538.0004882813,33481.9995117188,33426.0009765625,33370,33313.9990234375,33258.0004882813,33201.9995117188,33146.0009765625,33090,33090,33090,33090,33090,33090,33090
Kenya,KEN,37530,38510,39490,40470,40836.0009765625,41202.001953125,41567.998046875,41933.9990234375,42300,42666.0009765625,43032.001953125,43397.998046875,43763.9990234375,44130,44496.0009765625
Kyrgyz Republic,KGZ,8627.00012207031,8649.00024414063,8670.99975585938,8692.99987792969,8308.40026855469,7923.80004882813,7539.19982910156,7154.60021972656,6770,6690,6610,6530,6450,6370,6290
Cambodia,KHM,112200,110570,108940,107310,106035.99609375,104762.001953125,103487.998046875,102214.00390625,100940,99665.99609375,98392.001953125,97117.998046875,95844.00390625,94570,93295.99609375
Kiribati,KIR,121.499996185303,121.499996185303,121.499996185303,121.499996185303,121.499996185303,121.499996185303,121.499996185303,121.499996185303,121.499996185303,121.499996185303,121.499996185303,121.499996185303,121.499996185303,121.499996185303,121.499996185303
St. Kitts and Nevis,KNA,110,110,110,110,110,110,110,110,110,110,110,110,110,110,110
Kuwait,KWT,51.3000011444092,52.6999998092651,54.0999984741211,55.5000019073486,56.9000005722046,58.2999992370605,59.6999979019165,61.100001335144,62.5,62.5,62.5,62.5,62.5,62.5,62.5
Lao PDR,LAO,166634.8046875,167322.20703125,168009.70703125,168697.109375,170588.80859375,172480.5078125,174372.20703125,176263.90625,178155.60546875,180047.3046875,181939.00390625,183830.703125,185722.40234375,187614.1015625,189505.80078125
Lebanon,LBN,1331.99996948242,1343.00003051758,1353.99993896484,1365,1365.80001831055,1366.60003662109,1367.40005493164,1368.20007324219,1368.99993896484,1369.79995727539,1370.59997558594,1371.39999389648,1372.20001220703,1373.00003051758,1373.80004882813
Liberia,LBR,45690,45390,45090,44790,44490,44190,43890,43590,43290,42990,42690,42390,42090,41790,41490
Libya,LBY,2170,2170,2170,2170,2170,2170,2170,2170,2170,2170,2170,2170,2170,2170,2170
St. Lucia,LCA,210.799999237061,210.200004577637,209.599990844727,208.999996185303,208.400001525879,207.800006866455,207.199993133545,206.599998474121,206.000003814697,205.400009155273,204.799995422363,204.200000762939,203.600006103516,202.999992370605,202.399997711182
Liechtenstein,LIE,69.0000009536743,69.0000009536743,69.0000009536743,69.0000009536743,69.0000009536743,69.0000009536743,69.0000009536743,69.0000009536743,69.0000009536743,69.0000009536743,69.0000009536743,69.0000009536743,69.0000009536743,69.0000009536743,69.0000009536743
Sri Lanka,LKA,21623.9990234375,21476.0009765625,21328.0004882813,21180,21150,21120,21090,21060,21030,20963.9990234375,20898.0004882813,20831.9995117188,20766.0009765625,20700,20633.9990234375
Lesotho,LSO,424.000015258789,425.999984741211,427.999992370605,430,432.000007629395,434.000015258789,435.999984741211,437.999992370605,440,450,460,470,480,490,500
Lithuania,LTU,20603.9990234375,20806.0009765625,21008.0004882813,21210,21308.0004882813,21406.0009765625,21503.9990234375,21601.9995117188,21700,21720,21740,21760,21780,21800,21820
Luxembourg,LUX,866.999969482422,866.999969482422,866.999969482422,866.999969482422,866.999969482422,866.999969482422,866.999969482422,866.999969482422,866.999969482422,866.999969482422,866.999969482422,866.999969482422,866.999969482422,866.999969482422,866.999969482422
Latvia,LVA,32633.9990234375,32746.0009765625,32858.0004882813,32970,33083.9990234375,33198.0004882813,33311.9995117188,33426.0009765625,33540,33543.9990234375,33548.0004882813,33551.9995117188,33556.0009765625,33560,33563.9990234375
Morocco,MAR,51562.001953125,52377.998046875,53193.9990234375,54010,54552.001953125,55093.9990234375,55636.0009765625,56177.998046875,56720,56640,56560,56480,56400,56320,56240
Moldova,MDA,3396.00006103516,3473.99993896484,3552.00012207031,3630,3676.00006103516,3722.00012207031,3767.99987792969,3813.99993896484,3860,3906.00006103516,3952.00012207031,3997.99987792969,4043.99993896484,4090,4136.00006103516
Madagascar,MDG,129490,129120,128750,128380,127810,127240,126670,126100,125530,125370,125210,125050,124890,124730,124570
Maldives,MDV,10,10,10,10,10,10,10,10,10,10,10,10,10,10,10
Middle East & North Africa,MEA,212458.906683922,216186.199564934,219913.596237004,223641.004689038,225173.906894326,226706.904216409,228239.8051247,229772.802451551,231305.804503858,231443.304330409,231580.904461443,231718.405126631,231856.005562842,231993.504779041,232131.003994644
Mexico,MEX,675467.96875,673922.03125,672376.015625,670830,669660,668490,667320,666150,664980,664063.984375,663147.96875,662232.03125,661316.015625,660400,659483.984375
Marshall Islands,MHL,126.400003433228,126.400003433228,126.400003433228,126.400003433228,126.400003433228,126.400003433228,126.400003433228,126.400003433228,126.400003433228,126.400003433228,126.400003433228,126.400003433228,126.400003433228,126.400003433228,126.400003433228
North Macedonia,MKD,9647.99987792969,9682.00012207031,9715.99975585938,9750,9795.99975585938,9842.00012207031,9887.99987792969,9934.00024414063,9980,9980,9980,9980,9980,9980,9980
Mali,MLI,57420,56630,55840,55050,54260,53470,52680,51890,51100,50310,49520,48730,47940,47150,46360
Malta,MLT,3.49999994039536,3.49999994039536,3.49999994039536,3.49999994039536,3.49999994039536,3.49999994039536,3.49999994039536,3.49999994039536,3.49999994039536,3.49999994039536,3.49999994039536,3.49999994039536,3.49999994039536,3.49999994039536,3.49999994039536
Myanmar,MMR,342491.9921875,339398.0078125,336303.984375,333210,330113.984375,327018.0078125,323921.9921875,320825.99609375,317730,312265.99609375,306801.9921875,301338.0078125,295874.00390625,290410,284945.99609375
Montenegro,MNE,6260,6260,6260,6260,6662.00012207031,7064.00024414063,7465.99975585938,7867.99987792969,8270,8270,8270,8270,8270,8270,8270
Mongolia,MNG,115534.00390625,114715.99609375,113897.998046875,113080,116542.40234375,120004.8046875,123467.197265625,126929.599609375,130392.001953125,129419.19921875,128446.396484375,127473.603515625,126500.80078125,125527.998046875,124555.1953125
Mozambique,MOZ,407443.984375,405226.015625,403008.0078125,400790,398576.015625,396361.9921875,394148.0078125,391933.984375,389720,387656.015625,385591.9921875,383528.0078125,381463.984375,379400,377336.015625
Mauritania,MRT,2970,2870,2770,2670,2620,2570,2520,2470,2420,2385,2350,2315,2280,2245,2210
Mauritius,MUS,404.199981689453,396.800003051758,389.39998626709,382.000007629395,382.400016784668,382.799987792969,383.199996948242,383.600006103516,384.000015258789,384.39998626709,384.799995422363,385.200004577637,385.60001373291,385.999984741211,386.399993896484
Malawi,MWI,35010,34680,34350,34020,33690,33360,33030,32700,32370,32190,32010,31830,31650,31470,31290
Malaysia,MYS,213105.99609375,211704.00390625,210301.9921875,208900,211368.0078125,213835.99609375,216304.00390625,218771.9921875,221240,221381.9921875,221524.00390625,221665.99609375,221808.0078125,221950,222091.9921875
North America,NAC,6517370,6519360,6521350,6523340,6530717.8125,6538095.9375,6545474.0625,6552852.1875,6560230,6562514.0625,6564798.125,6567081.875,6569365.9375,6571650,6573934.0625
Namibia,NAM,78836.0009765625,78093.9990234375,77352.001953125,76610,75867.998046875,75126.0009765625,74383.9990234375,73642.001953125,72900,72157.998046875,71416.0009765625,70673.9990234375,69932.001953125,69190,68447.998046875
New Caledonia,NCL,8390,8390,8390,8390,8390,8390,8390,8390,8390,8390,8390,8390,8390,8390,8390
Niger,NER,13031.9995117188,12908.0004882813,12784.0002441406,12660,12535.9997558594,12411.9995117188,12288.0004882813,12164.0002441406,12040,11915.9997558594,11791.9995117188,11668.0004882813,11544.0002441406,11420,11295.9997558594
Nigeria,NGA,123177.998046875,119082.001953125,114985.99609375,110890,106794.00390625,102697.998046875,98602.001953125,94505.99609375,90410,86314.00390625,82217.998046875,78122.001953125,74026.0009765625,69930,65833.9990234375
Nicaragua,NIC,36740,36040,35340,34640,33940,33240,32540,31840,31140,31140,31140,31140,31140,31140,31140
Norway,NOR,121045.99609375,121004.00390625,120962.001953125,120920,120940,120960,120980,121000,121020,121040,121060,121080,121100,121120,121140
Nepal,NPL,37943.9990234375,37416.0009765625,36888.0004882813,36360,36360,36360,36360,36360,36360,36360,36360,36360,36360,36360,36360
New Zealand,NZL,101565.99609375,101654.00390625,101742.001953125,101830,101765.99609375,101702.001953125,101637.998046875,101574.00390625,101510,101512.001953125,101514.00390625,101515.99609375,101517.998046875,101520,101522.001953125
Oman,OMN,20,20,20,20,20,20,20,20,20,20,20,20,20,20,20
Pakistan,PAK,20304.0002441406,19875.9997558594,19448.0004882813,19020,18590,18160,17730,17300,16870,16440,16010,15580,15150,14720,14290
Panama,PAN,48330,48160,47990,47820,47653.9990234375,47487.998046875,47322.001953125,47156.0009765625,46990,46826.0009765625,46662.001953125,46497.998046875,46333.9990234375,46170,46006.0009765625
Peru,PER,758993.984375,757756.015625,756517.96875,755280,753846.015625,752412.03125,750977.96875,749543.984375,748110,746433.984375,744757.96875,743082.03125,741406.015625,739730,738053.984375
Philippines,PHL,70457.998046875,70552.001953125,70646.0009765625,70740,70272.001953125,69803.9990234375,69336.0009765625,68867.998046875,68400,70800,73200,75600,78000,80400,82800
Palau,PLW,398.699989318848,400.200004577637,401.599998474121,402.999992370605,402.999992370605,402.999992370605,402.999992370605,402.999992370605,402.999992370605,402.999992370605,402.999992370605,402.999992370605,402.999992370605,402.999992370605,402.999992370605
Papua New Guinea,PNG,335943.984375,335916.015625,335888.0078125,335860,335833.984375,335808.0078125,335781.9921875,335756.015625,335730,335701.9921875,335673.984375,335646.015625,335618.0078125,335590,335561.9921875
Poland,POL,91154.00390625,91435.99609375,91717.998046875,92000,92257.998046875,92515.99609375,92774.00390625,93032.001953125,93290,93502.001953125,93714.00390625,93925.99609375,94137.998046875,94350,94562.001953125
Puerto Rico,PRI,4552.00012207031,4577.60009765625,4603.09997558594,4628.69995117188,4661.79992675781,4694.89990234375,4727.90008544922,4761.00006103516,4794.10003662109,4827.20001220703,4860.29998779297,4893.29986572266,4926.40014648438,4959.50012207031,4992.60009765625
Portugal,PRT,33241.9995117188,33148.0004882813,33053.9990234375,32960,32846.0009765625,32731.9995117188,32618.0004882813,32503.9990234375,32390,32276.0009765625,32161.9995117188,32048.0004882813,31933.9990234375,31820,31706.0009765625
Paraguay,PRY,190108.0078125,188321.9921875,186535.99609375,184750,181700,178650,175600,172550,169500,166245.99609375,162992.001953125,159737.998046875,156484.00390625,153230,149975.99609375
French Polynesia,PYF,1150,1200,1250,1300,1350,1400,1450,1500,1550,1550,1550,1550,1550,1550,1550
Romania,ROU,63760,63810,63860,63910,64157.998046875,64406.0009765625,64653.9990234375,64902.001953125,65150,65842.001953125,66533.9990234375,67226.0009765625,67917.998046875,68610,69302.001953125
Russian Federation,RUS,8090771.25,8089813.75,8088856.875,8087900,8100591.25,8113282.5,8125973.75,8138665,8151356.25,8150945.625,8150535.625,8150125.625,8149715,8149305,8148895
Rwanda,RWA,3603.99993896484,3686.00006103516,3767.99987792969,3850,3972.00012207031,4093.99993896484,4216.00006103516,4337.99987792969,4460,4527.99987792969,4596.00006103516,4663.99993896484,4732.00012207031,4800,4867.99987792969
South Asia,SAS,797444.615478516,801051.885986328,804659.232177734,808266.499023438,812041.832275391,815816.984863281,819592.314453125,823367.569580078,827142.900390625,828504.183349609,829865.46875,831226.831054688,832588.116455078,833949.299316406,835310.484619141
Saudi Arabia,SAU,9770,9770,9770,9770,9770,9770,9770,9770,9770,9770,9770,9770,9770,9770,9770
Senegal,SEN,88080,87630,87180,86730,86330,85930,85530,85130,84730,84330,83930,83530,83130,82730,82330
Singapore,SGP,163.500003814697,163.500003814697,163.500003814697,163.500003814697,163.500003814697,163.500003814697,163.500003814697,163.500003814697,163.500003814697,163.500003814697,163.500003814697,163.500003814697,163.500003814697,163.500003814697,163.500003814697
Solomon Islands,SLB,22571.9995117188,22518.0004882813,22463.9990234375,22410,22353.9990234375,22298.0004882813,22241.9995117188,22186.0009765625,22130,22073.9990234375,22018.0004882813,21961.9995117188,21906.0009765625,21850,21793.9990234375
Sierra Leone,SLE,28828.0004882813,28631.9995117188,28436.0009765625,28240,28043.9990234375,27848.0004882813,27651.9995117188,27456.0009765625,27260,27896.0009765625,28531.9995117188,29168.0004882813,29803.9990234375,30440,31076.0009765625
El Salvador,SLV,3227.99987792969,3182.00012207031,3136.00006103516,3090,3046.00006103516,3002.00012207031,2957.99987792969,2913.99993896484,2870,2826.00006103516,2782.00012207031,2737.99987792969,2693.99993896484,2650,2606.00006103516
Somalia,SOM,73613.9990234375,72846.0009765625,72077.998046875,71310,70542.001953125,69773.9990234375,69006.0009765625,68237.998046875,67470,66702.001953125,65933.9990234375,65166.0009765625,64397.998046875,63630,62862.001953125
Serbia,SRB,24760,24760,24760,24760,25233.9990234375,25708.0004882813,26181.9995117188,26656.0009765625,27130,27143.9990234375,27158.0004882813,27171.9995117188,27186.0009765625,27200,27213.9990234375
Sub-Saharan Africa,SSF,6267859.80930328,6237321.39064789,6206783.08815002,6176244.5999527,6143729.13440704,6111213.82793427,6078698.37203979,6046183.06560516,6013667.59994507,6257596.52294159,6229135.50987244,6200674.38224792,6172213.2742691,6143752.09449768,6115290.9147644
Sao Tome and Principe,STP,560,560,560,560,555.200004577637,550.400009155273,545.60001373291,540.800018310547,535.999984741211,535.999984741211,535.999984741211,535.999984741211,535.999984741211,535.999984741211,535.999984741211
Suriname,SUR,153830,153790,153750,153710,153670,153630,153590,153550,153510,153472.001953125,153434.00390625,153395.99609375,153357.998046875,153320,153282.001953125
Slovak Republic,SVK,19254.0002441406,19275.9997558594,19298.0004882813,19320,19334.0002441406,19348.0004882813,19361.9995117188,19375.9997558594,19390,19391.9995117188,19394.0002441406,19395.9997558594,19398.0004882813,19400,19401.9995117188
Slovenia,SVN,12370,12390,12410,12430,12438.0004882813,12445.9997558594,12454.0002441406,12461.9995117188,12470,12471.9995117188,12474.0002441406,12475.9997558594,12478.0004882813,12480,12481.9995117188
Sweden,SWE,281850,281960,282070,282180,281890,281600,281310,281020,280730,280730,280730,280730,280730,280730,280730
Eswatini,SWZ,5272.00012207031,5317.99987792969,5364.00024414063,5410,5454.00024414063,5497.99987792969,5542.00012207031,5585.99975585938,5630,5675.99975585938,5722.00012207031,5767.99987792969,5814.00024414063,5860,5905.99975585938
Seychelles,SYC,406.699981689453,406.699981689453,406.699981689453,406.699981689453,406.699981689453,406.699981689453,406.699981689453,406.699981689453,406.699981689453,406.699981689453,406.699981689453,406.699981689453,406.699981689453,406.699981689453,406.699981689453
Syrian Arab Republic,SYR,4436.00006103516,4493.99993896484,4552.00012207031,4610,4670,4730,4790,4850,4910,4910,4910,4910,4910,4910,4910
Turks and Caicos Islands,TCA,344.000015258789,344.000015258789,344.000015258789,344.000015258789,344.000015258789,344.000015258789,344.000015258789,344.000015258789,344.000015258789,344.000015258789,344.000015258789,344.000015258789,344.000015258789,344.000015258789,344.000015258789
Chad,TCD,62520,62150,61780,61410,60143.9990234375,58877.998046875,57612.001953125,56346.0009765625,55080,53813.9990234375,52547.998046875,51282.001953125,50016.0009765625,48750,47483.9990234375
Togo,TGO,4460,4260,4060,3860,3662.00012207031,3463.99993896484,3266.00006103516,3067.99987792969,2870,2672.00012207031,2473.99993896484,2276.00006103516,2078.00003051758,1880,1681.99996948242
Thailand,THA,166465.99609375,164644.00390625,162822.001953125,161000,161297.998046875,161595.99609375,161894.00390625,162192.001953125,162490,162790,163090,163390,163690,163990,164290
Tajikistan,TJK,4100,4100,4100,4100,4100,4100,4100,4100,4100,4103.99993896484,4107.99987792969,4112.00012207031,4116.00006103516,4120,4123.99993896484
Turkmenistan,TKM,41270,41270,41270,41270,41270,41270,41270,41270,41270,41270,41270,41270,41270,41270,41270
Timor-Leste,TLS,8315.99975585938,8204.00024414063,8092.00012207031,7980,7867.99987792969,7755.99975585938,7644.00024414063,7532.00012207031,7420,7307.99987792969,7195.99975585938,7084.00024414063,6972.00012207031,6860,6747.99987792969
Tonga,TON,90,90,90,90,90,90,90,90,90,90,90,90,90,90,90
Trinidad and Tobago,TTO,2321.60003662109,2314.40002441406,2307.20001220703,2300,2292.79998779297,2285.59997558594,2278.39996337891,2271.19995117188,2263.99993896484,2280.20004272461,2296.30004882813,2312.5,2328.60000610352,2344.79995727539,2361.00006103516
Tunisia,TUN,8682.00012207031,8837.99987792969,8994.00024414063,9150,9300,9450,9600,9750,9900,10002.0001220703,10104.0002441406,10205.9997558594,10308.0004882813,10410,10511.9995117188
Turkey,TUR,103745.99609375,104704.00390625,105662.001953125,106620,107702.001953125,108784.00390625,109865.99609375,110947.998046875,112030,113054.00390625,114077.998046875,115102.001953125,116125.99609375,117150,118174.00390625
Tuvalu,TUV,10,10,10,10,10,10,10,10,10,10,10,10,10,10,10
Tanzania,TZA,511200,507200,503200,499200,495200,491200,487200,483200,479200,475480,471760,468040,464320,460600,456880
Uganda,UGA,36930,36050,35170,34290,32938.0004882813,31586.0009765625,30233.9990234375,28881.9995117188,27530,26178.0004882813,24826.0009765625,23473.9990234375,22121.9995117188,20770,19418.0004882813
Ukraine,UKR,95360,95490,95620,95750,95695.99609375,95642.001953125,95587.998046875,95534.00390625,95480,95697.998046875,95915.99609375,96134.00390625,96352.001953125,96570,96787.998046875
Uruguay,URY,14305.400390625,14609.599609375,14913.8000488281,15218.0004882813,15636.9995117188,16055.9997558594,16475,16894.0002441406,17313.0004882813,17540.400390625,17767.8002929688,17995.2001953125,18222.6000976563,18450,18677.3999023438
United States,USA,3040244.0625,3042685.9375,3045128.125,3047570,3055495.9375,3063421.875,3071348.125,3079274.0625,3087200,3089950,3092700,3095450,3098200,3100950,3103700
Uzbekistan,UZB,32451.9995117188,32618.0004882813,32783.9990234375,32950,32911.0009765625,32871.9995117188,32833.0004882813,32793.9990234375,32755,32643.798828125,32532.6000976563,32421.3989257813,32310.2001953125,32198.9990234375,32087.8002929688
British Virgin Islands,VGB,36.7000007629395,36.6000008583069,36.6000008583069,36.6000008583069,36.6000008583069,36.5000009536743,36.5000009536743,36.4000010490417,36.4000010490417,36.4000010490417,36.3000011444092,36.3000011444092,36.1999988555908,36.1999988555908,36.1999988555908
Virgin Islands (U.S.),VIR,197.700004577637,194.300003051758,190.799999237061,187.299995422363,186.200008392334,185,183.899993896484,182.700004577637,181.599998474121,180.499992370605,179.400005340576,178.199996948242,177.099990844727,176.000003814697,174.899997711182
Vietnam,VNM,122670,125370,128070,130770,132872.001953125,134974.00390625,137075.99609375,139177.998046875,141280,142570,143860,145150,146440,147730,149020
Vanuatu,VUT,4400,4400,4400,4400,4400,4400,4400,4400,4400,4400,4400,4400,4400,4400,4400
Samoa,WSM,1710,1710,1710,1710,1710,1710,1710,1710,1710,1710,1710,1710,1710,1710,1710
South Africa,ZAF,92410,92410,92410,92410,92410,92410,92410,92410,92410,92410,92410,92410,92410,92410,92410
Zambia,ZMB,508008.0078125,506341.9921875,504676.015625,503010,501343.984375,499678.0078125,498011.9921875,496346.015625,494680,493013.984375,491348.0078125,489681.9921875,488016.015625,486350,484683.984375
Zimbabwe,ZWE,182400,179130,175860,172590,169320,166050,162780,159510,156240,153115.99609375,149992.001953125,146867.998046875,143744.00390625,140620,137495.99609375
